timestamp,meter_id,voltage,current,power,kwh,energy_kwh_cum,power_factor,pattern,energy_kwh,kwh_denoised,rolling_avg_power,deviation_from_normal,loss,anomaly_score,risk_level,prediction,risk_score,explanation,alert
2026-02-01 10:55:58,MTR-002,236.29,229.86,54.3136194,19053.107,10.5851,282.8314,theft,10.5851,19052.994,9867.125661852502,-2465.1637220432285,,-0.02377036700166546,,-1,0.8,Consumption 1% of rolling average (54.3kW < 9867.1kW),True
2026-02-01 10:56:00,MTR-002,236.29,231.78,54.7672962,19053.06,10.585,293.4165,theft,10.585,19053.0835,4994.4668693075,-2464.7100452432283,,-0.01839563165186031,,-1,0.8,Consumption 1% of rolling average (54.8kW < 4994.5kW),True
2026-02-01 10:55:56,MTR-002,236.29,235.06,55.542327400000005,19052.928,10.585,272.2464,theft,10.585,9531.7565,14702.3416915625,-2463.9350140432284,,-0.025889229513176404,,-1,0.8,Consumption 0% of rolling average (55.5kW < 14702.3kW),True
2026-01-31 19:59:11,MTR-002,229.96,42462.343,9764.64039628,5.2622,102.8859,0.97,anomaly,102.8859,3.59885,3830.4050948275,7245.163054836771,,-0.045445799132736386,,-1,0.5,AI detected anomaly (score: -0.045),True
2026-01-31 19:59:13,MTR-002,228.83,86578.138,19811.675318540005,10.585,113.4709,0.962,anomaly,113.4709,7.9236,8662.486751367502,17292.197977096777,,-0.03241350332870552,,-1,0.5,AI detected anomaly (score: -0.032),True
2026-01-31 19:59:15,MTR-002,225.96,86082.769,19451.26248324,10.585,124.056,0.98,anomaly,124.056,10.585,13135.7891210425,16931.785141796772,,-0.0018379926367791954,,-1,0.5,AI detected anomaly (score: -0.002),True
2026-01-31 19:59:41,MTR-002,236.29,83851.387,19813.244234230002,10.585,261.6616,0.962,anomaly,261.6616,10.585,19644.702203777502,17293.766892786774,,-0.006720482527521332,,-1,0.5,AI detected anomaly (score: -0.007),True
2026-01-31 19:59:33,MTR-002,234.66,81780.858,19190.696138279996,10.585,219.3215,0.993,anomaly,219.3215,10.585,19976.136730592498,16671.21879683677,,-0.005753115179570223,,-1,0.5,AI detected anomaly (score: -0.006),True
2026-01-31 19:59:09,MTR-002,225.49,15590.839,3515.57828611,1.9355,97.6237,0.991,anomaly,97.6237,1.3867,1449.1605525075001,996.1009446667717,,-0.03774698703663648,,-1,0.5,AI detected anomaly (score: -0.038),True
2026-01-31 19:59:01,MTR-003,237.65,37.047,8.80421955,0.0048,72.6048,0.981,theft,72.6048,3.4024,24.7993023875,-33.04244300196851,,0.011721977467162636,,1,0.5,Consumption 36% of rolling average (8.8kW < 24.8kW),True
2026-01-31 19:59:03,MTR-003,227.01,14.665,3.3291016499999997,0.0018,72.6066,0.948,theft,72.6066,0.0033,18.0457353,-38.51756090196851,,0.09667360112045098,,1,0.5,Consumption 18% of rolling average (3.3kW < 18.0kW),True
2026-01-31 19:59:05,MTR-003,235.02,7.681,1.80518862,0.001,72.6075,0.98,theft,72.6075,0.0014,10.944882455,-40.041473931968504,,0.13186510748890468,,1,0.5,Consumption 16% of rolling average (1.8kW < 10.9kW),True
2026-01-31 19:59:07,MTR-003,230.32,4.167,0.95974344,0.0005,72.608,0.93,theft,72.608,0.00075,3.7245633149999997,-40.88691911196851,,0.1609811132138485,,1,0.5,Consumption 26% of rolling average (1.0kW < 3.7kW),True
2026-01-31 19:59:09,MTR-003,224.88,1.95,0.43851599999999996,0.0002,72.6083,0.981,theft,72.6083,0.00035,1.6331374275,-41.40814655196851,,0.14448401114063525,,1,0.5,Consumption 27% of rolling average (0.4kW < 1.6kW),True
2026-01-31 19:59:11,MTR-003,232.8,0.374,0.0870672,0.0,72.6083,0.948,theft,72.6083,0.0001,0.822628815,-41.75959535196851,,0.19423688577415915,,1,0.5,Consumption 11% of rolling average (0.1kW < 0.8kW),True
2026-01-31 19:59:13,MTR-003,227.41,0.23,0.052304300000000005,0.0,72.6083,0.957,theft,72.6083,0.0,0.384407735,-41.794358251968504,,0.18978348532962053,,1,0.5,Consumption 14% of rolling average (0.1kW < 0.4kW),True
2026-01-31 19:59:15,MTR-003,228.08,0.237,0.05405496,0.0,72.6084,0.925,theft,72.6084,0.0,0.157985615,-41.792607591968505,,0.2081375979294876,,1,0.5,Consumption 34% of rolling average (0.1kW < 0.2kW),True
2026-01-31 19:59:39,MTR-001,230.32,1.255,0.28905159999999996,0.0002,117.8243,0.971,fault,117.8243,0.00025,0.716880705,-47.216702028818894,,0.12188356902325759,,1,0.4,Power spike detected: 0.3kW (z-score: -3.91),True
2026-01-31 19:59:41,MTR-001,223.16,0.226,0.05043416,0.0,117.8244,0.991,fault,117.8244,0.00025,0.403288695,-47.45531946881889,,0.08947910275521931,,1,0.4,Power spike detected: 0.1kW (z-score: -3.93),True
2026-01-31 19:59:37,MTR-001,237.73,2.451,0.58267623,0.0003,117.8242,0.948,fault,117.8242,0.00035,1.3039338049999998,-46.9230773988189,,0.06563185541774819,,1,0.4,Power spike detected: 0.6kW (z-score: -3.89),True
2026-01-31 19:59:27,MTR-001,225.95,47.098,10.6417931,0.0057,117.8182,0.967,fault,117.8182,0.00865,31.9328971525,-36.86396052881889,,0.09394214763036268,,1,0.4,Power spike detected: 10.6kW (z-score: -3.05),True
2026-01-31 19:59:29,MTR-001,222.92,26.357,5.875502439999999,0.0032,117.8214,0.972,fault,117.8214,0.00445,21.7021577225,-41.630251188818896,,0.08440834429994315,,1,0.4,Power spike detected: 5.9kW (z-score: -3.45),True
2026-01-31 19:59:31,MTR-001,225.6,11.69,2.6372639999999996,0.0014,117.8228,0.979,fault,117.8228,0.0023,10.1896309875,-44.86848962881889,,0.1108104067318248,,1,0.4,Power spike detected: 2.6kW (z-score: -3.72),True
2026-01-31 19:59:33,MTR-001,231.8,5.629,1.3048022,0.0007,117.8235,0.961,fault,117.8235,0.00105,5.114840435,-46.2009514288189,,0.12010996784509281,,1,0.4,Power spike detected: 1.3kW (z-score: -3.83),True
2026-01-31 19:59:35,MTR-001,224.13,3.083,0.69099279,0.0004,117.8239,0.971,fault,117.8239,0.00055,2.6271403574999996,-46.81476083881889,,0.11035350067131372,,1,0.4,Power spike detected: 0.7kW (z-score: -3.88),True
2026-02-01 11:07:13,MTR-003,225.88,226.39,51.13697319999999,3.762,0.0021,79.3472,normal,0.0021,3.8525,51.2165959,9.290310648031486,,0.04721146643034313,,1,0.0,Normal operation,False
2026-02-01 11:07:15,MTR-003,225.88,232.94,52.616487199999995,3.841,0.0021,79.3493,normal,0.0021,3.818,51.636732699999996,10.769824648031488,,0.04639069914028393,,1,0.0,Normal operation,False
2026-02-01 11:07:17,MTR-003,225.88,231.09,52.1986092,3.795,0.0021,79.3514,normal,0.0021,3.7785,51.9303767,10.351946648031493,,0.04639069914028393,,1,0.0,Normal operation,False
2026-02-01 11:07:19,MTR-003,225.88,229.2,51.771696,3.735,0.0021,79.3535,normal,0.0021,3.7649999999999997,51.930941399999995,9.925033448031492,,0.04592084478734115,,1,0.0,Normal operation,False
2026-02-01 11:07:21,MTR-003,225.88,234.11,52.8807668,3.489,0.0019,79.3554,normal,0.0019,3.6775,52.366889799999996,11.034104248031497,,0.04592084478734115,,1,0.0,Normal operation,False
2026-02-01 11:07:23,MTR-003,225.88,235.3,53.149564,3.62,0.002,79.3575,normal,0.002,3.6775,52.500159,11.302901448031491,,0.04592084478734115,,1,0.0,Normal operation,False
2026-02-01 11:07:25,MTR-003,225.88,230.05,51.963694000000004,3.766,0.0021,79.3596,normal,0.0021,3.693,52.4414302,10.117031448031497,,0.04545059404163643,,1,0.0,Normal operation,False
2026-02-01 11:07:27,MTR-003,225.88,233.74,52.7971912,3.891,0.0022,79.3617,normal,0.0022,3.8285,52.697804000000005,10.950528648031494,,0.04639069914028393,,1,0.0,Normal operation,False
2026-02-01 11:07:29,MTR-003,225.88,231.17,52.2166796,3.895,0.0022,79.3639,normal,0.0022,3.893,52.5317822,10.370017048031492,,0.04768023286778089,,1,0.0,Normal operation,False
2026-02-01 11:07:31,MTR-003,225.88,228.15,51.534521999999996,4.182,0.0023,79.3662,normal,0.0023,4.0385,52.128021700000005,9.687859448031489,,0.04721146643034313,,1,0.0,Normal operation,False
2026-02-01 11:07:33,MTR-003,225.88,226.8,51.229584,4.199,0.0023,79.3685,normal,0.0023,4.0825000000000005,51.9444942,9.382921448031496,,0.04721146643034313,,1,0.0,Normal operation,False
2026-02-01 11:07:35,MTR-003,225.88,227.77,51.44868760000001,3.983,0.0022,79.3707,normal,0.0022,4.0825000000000005,51.6073683,9.6020250480315,,0.04721146643034313,,1,0.0,Normal operation,False
2026-02-01 11:07:37,MTR-003,225.88,231.71,52.3386548,3.949,0.0022,79.3729,normal,0.0022,3.966,51.6378621,10.491992248031494,,0.04768023286778089,,1,0.0,Normal operation,False
2026-02-01 11:07:39,MTR-003,225.88,228.29,51.5661452,3.938,0.0022,79.3751,normal,0.0022,3.966,51.645767899999996,9.719482648031494,,0.04721146643034313,,1,0.0,Normal operation,False
2026-01-31 19:59:07,MTR-001,228.66,204.811,46.83208326,0.025,117.5998,0.961,normal,117.5998,0.025,46.8096889725,-0.6736703688188967,,0.16694813592472535,,1,0.0,Normal operation,False
2026-02-01 10:55:56,MTR-001,223.16,229.24,51.1571984,0.096,0.0001,117.8246,normal,0.0001,0.048100000000000004,13.0198400975,3.6514447711811044,,0.045404919306368585,,1,0.0,Normal operation,False
2026-02-01 10:55:58,MTR-001,223.16,233.95,52.208282,0.313,0.0002,117.8247,normal,0.0002,0.20450000000000002,25.92624154,4.702528371181103,,0.05246970765182313,,1,0.0,Normal operation,False
2026-02-01 10:56:00,MTR-001,223.16,233.05,52.007438,0.493,0.0003,117.825,normal,0.0003,0.364,38.855838139999996,4.501684371181106,,0.05981632523014557,,1,0.0,Normal operation,False
2026-02-01 10:56:02,MTR-001,223.16,229.59,51.235304400000004,0.415,0.0002,117.8252,normal,0.0002,0.364,51.6520557,3.72955077118111,,0.0530391214957362,,1,0.0,Normal operation,False
2026-02-01 10:56:04,MTR-001,223.16,231.23,51.6012868,0.146,0.0001,117.8253,normal,0.0001,0.28049999999999997,51.7630778,4.095533171181103,,0.05396643865268769,,1,0.0,Normal operation,False
2026-02-01 10:56:06,MTR-001,223.16,232.35,51.851226,0.078,0.0,117.8254,normal,0.0,0.11199999999999999,51.673813800000005,4.345472371181103,,0.05433178220375112,,1,0.0,Normal operation,False
2026-02-01 10:56:08,MTR-001,223.16,228.3,50.947428,0.05,0.0,117.8254,normal,0.0,0.064,51.4088113,3.441674371181108,,0.053627166919952285,,1,0.0,Normal operation,False
2026-02-01 10:56:10,MTR-001,223.16,231.26,51.6079816,0.05,0.0,117.8254,normal,0.0,0.05,51.501980599999996,4.102227971181108,,0.05433178220375112,,1,0.0,Normal operation,False
2026-02-01 10:56:12,MTR-001,223.16,232.12,51.7998992,0.05,0.0,117.8254,normal,0.0,0.05,51.5516337,4.2941455711811045,,0.05433178220375112,,1,0.0,Normal operation,False
2026-02-01 10:56:14,MTR-001,223.16,224.59,50.1195044,0.241,0.0001,117.8256,normal,0.0001,0.1455,51.1187033,2.6137507711811026,,0.05540972012196477,,1,0.0,Normal operation,False
2026-02-01 10:56:16,MTR-001,223.16,232.58,51.9025528,0.267,0.0001,117.8257,normal,0.0001,0.1465,51.3574845,4.396799171181108,,0.05433178220375112,,1,0.0,Normal operation,False
2026-02-01 10:56:18,MTR-001,223.16,224.04,49.9967664,0.052,0.0,117.8258,normal,0.0,0.1465,50.9546807,2.4910127711811043,,0.05580308695018621,,1,0.0,Normal operation,False
2026-02-01 10:56:20,MTR-001,223.16,231.19,51.5923604,0.05,0.0,117.8258,normal,0.0,0.0755,50.902796,4.086606771181103,,0.0570341892274544,,1,0.0,Normal operation,False
2026-02-01 10:56:22,MTR-001,223.16,232.52,51.889163200000006,0.099,0.0001,117.8258,normal,0.0001,0.0755,51.345210699999996,4.383409571181112,,0.05433178220375112,,1,0.0,Normal operation,False
2026-02-01 10:56:24,MTR-001,223.16,227.99,50.878248400000004,0.179,0.0001,117.8259,normal,0.0001,0.139,51.0891346,3.3724947711811097,,0.054947474668701646,,1,0.0,Normal operation,False
2026-02-01 10:56:26,MTR-001,223.16,230.06,51.340189599999995,0.268,0.0001,117.8261,normal,0.0001,0.2235,51.424990400000006,3.834435971181101,,0.05354110778088517,,1,0.0,Normal operation,False
2026-02-01 11:05:35,MTR-001,223.16,235.68,52.5943488,1.252,0.0007,120.6722,normal,0.0007,0.748,51.6754875,5.088595171181105,,0.053110089764290325,,1,0.0,Normal operation,False
2026-02-01 11:05:37,MTR-001,223.16,230.45,51.42722199999999,1.228,0.0007,120.6729,normal,0.0007,1.24,51.5600022,3.921468371181099,,0.0503882707484441,,1,0.0,Normal operation,False
2026-02-01 11:05:39,MTR-001,223.16,230.61,51.4629276,1.393,0.0008,120.6737,normal,0.0008,1.3225,51.706171999999995,3.9571739711811063,,0.05105776241901516,,1,0.0,Normal operation,False
2026-02-01 11:05:41,MTR-001,223.16,225.45,50.311422,1.531,0.0009,120.6745,normal,0.0009,1.4144999999999999,51.4489801,2.805668371181106,,0.048617766470374635,,1,0.0,Normal operation,False
2026-02-01 11:05:43,MTR-001,223.16,224.38,50.0726408,1.436,0.0008,120.6753,normal,0.0008,1.4834999999999998,50.8185531,2.566887171181108,,0.05594380369723573,,1,0.0,Normal operation,False
2026-02-01 11:05:45,MTR-001,223.16,228.66,51.0277656,1.554,0.0009,120.6762,normal,0.0009,1.536,50.718689000000005,3.522011971181108,,0.05548200882373666,,1,0.0,Normal operation,False
2026-02-01 11:05:47,MTR-001,223.16,234.61,52.3555676,1.541,0.0009,120.677,normal,0.0009,1.5474999999999999,50.941849000000005,4.849813971181106,,0.05331266235187471,,1,0.0,Normal operation,False
2026-02-01 11:05:49,MTR-001,223.16,233.58,52.1257128,1.757,0.001,120.678,normal,0.001,1.6555,51.39542170000001,4.619959171181108,,0.05152328666299866,,1,0.0,Normal operation,False
2026-02-01 11:05:51,MTR-001,223.16,223.8,49.943208,1.916,0.0011,120.6791,normal,0.0011,1.8184999999999998,51.3630635,2.4374543711811043,,0.05074594516017139,,1,0.0,Normal operation,False
2026-02-01 11:05:53,MTR-001,223.16,224.06,50.0012296,1.88,0.001,120.6801,normal,0.001,1.898,51.1064295,2.495475971181108,,0.052537841620928005,,1,0.0,Normal operation,False
2026-02-01 11:05:55,MTR-001,223.16,235.8,52.621128000000006,2.09,0.0012,120.6813,normal,0.0012,2.0025,51.1728196,5.115374371181112,,0.05112529495163731,,1,0.0,Normal operation,False
2026-02-01 11:05:57,MTR-001,223.16,230.76,51.4964016,2.089,0.0012,120.6824,normal,0.0012,1.9845,51.0154918,3.9906479711811045,,0.050193181909090834,,1,0.0,Normal operation,False
2026-02-01 11:05:59,MTR-001,223.16,230.84,51.5142544,0.539,0.0003,120.6827,normal,0.0003,1.314,51.4082534,4.0085007711811045,,0.05105776241901516,,1,0.0,Normal operation,False
2026-02-01 11:06:01,MTR-001,223.16,237.13,52.91793079999999,0.254,0.0001,120.6829,normal,0.0001,0.3965,52.1374287,5.412177171181099,,0.05396643865268769,,1,0.0,Normal operation,False
2026-02-01 11:06:03,MTR-001,223.16,232.58,51.9025528,0.074,0.0,120.6829,normal,0.0,0.17149999999999999,51.9577849,4.396799171181108,,0.05261307266017834,,1,0.0,Normal operation,False
2026-02-01 11:06:05,MTR-001,223.16,229.18,51.1438088,0.089,0.0,120.683,normal,0.0,0.08149999999999999,51.8696367,3.638055171181108,,0.05433178220375112,,1,0.0,Normal operation,False
2026-02-01 11:06:07,MTR-001,223.16,232.11,51.797667600000004,0.05,0.0,120.683,normal,0.0,0.073,51.94049,4.29191397118111,,0.05433178220375112,,1,0.0,Normal operation,False
2026-02-01 11:06:09,MTR-001,223.16,232.08,51.790972800000006,0.072,0.0,120.683,normal,0.0,0.08049999999999999,51.658750500000004,4.285219171181112,,0.05433178220375112,,1,0.0,Normal operation,False
2026-02-01 11:06:11,MTR-001,223.16,229.37,51.1862092,0.248,0.0001,120.6832,normal,0.0001,0.16,51.47966460000001,3.6804555711811062,,0.05261307266017834,,1,0.0,Normal operation,False
2026-02-01 11:06:13,MTR-001,223.16,226.36,50.514497600000006,0.449,0.0002,120.6834,normal,0.0002,0.34850000000000003,51.3223368,3.0087439711811115,,0.05233284711085584,,1,0.0,Normal operation,False
2026-02-01 11:06:15,MTR-001,223.16,232.32,51.8445312,0.63,0.0003,120.6838,normal,0.0003,0.5395,51.3340527,4.3387775711811045,,0.052181327079857565,,1,0.0,Normal operation,False
2026-02-01 11:06:17,MTR-001,223.16,233.3,52.063228,0.74,0.0004,120.6842,normal,0.0004,0.644,51.402116500000005,4.557474371181108,,0.052181327079857565,,1,0.0,Normal operation,False
2026-02-01 11:06:19,MTR-001,223.16,237.74,53.0540584,0.658,0.0004,120.6845,normal,0.0004,0.6990000000000001,51.8690788,5.548304771181108,,0.053110089764290325,,1,0.0,Normal operation,False
2026-02-01 11:06:21,MTR-001,223.16,226.06,50.447549599999995,1.105,0.0006,120.6852,normal,0.0006,0.8240000000000001,51.8523418,2.941795971181101,,0.05193912515676358,,1,0.0,Normal operation,False
2026-02-01 11:06:23,MTR-001,223.16,224.57,50.1150412,0.908,0.0005,120.6857,normal,0.0005,0.903,51.4199693,2.609287571181106,,0.05193912515676358,,1,0.0,Normal operation,False
2026-02-01 11:06:25,MTR-001,223.16,231.11,51.574507600000004,0.898,0.0005,120.6862,normal,0.0005,0.922,51.2977892,4.06875397118111,,0.052181327079857565,,1,0.0,Normal operation,False
2026-02-01 11:06:27,MTR-001,223.16,232.27,51.833373200000004,0.936,0.0005,120.6867,normal,0.0005,0.903,50.992617900000006,4.32761957118111,,0.05350510758683513,,1,0.0,Normal operation,False
2026-02-01 11:06:29,MTR-001,223.16,232.45,51.87354199999999,0.723,0.0004,120.6871,normal,0.0004,0.8105,51.349116,4.367788371181099,,0.052181327079857565,,1,0.0,Normal operation,False
2026-02-01 11:06:31,MTR-001,223.16,226.14,50.4654024,0.677,0.0004,120.6875,normal,0.0004,0.7,51.4367063,2.959648771181108,,0.05193912515676358,,1,0.0,Normal operation,False
2026-02-01 11:06:33,MTR-001,223.16,228.03,50.887174800000004,0.637,0.0004,120.6878,normal,0.0004,0.658,51.2648731,3.3814211711811097,,0.05279943128467124,,1,0.0,Normal operation,False
2026-02-01 11:06:35,MTR-001,223.16,237.02,52.8933832,0.639,0.0004,120.6882,normal,0.0004,0.638,51.5298756,5.387629571181108,,0.053110089764290325,,1,0.0,Normal operation,False
2026-02-01 11:06:37,MTR-001,223.16,232.02,51.7775832,0.631,0.0004,120.6885,normal,0.0004,0.6355,51.5058859,4.271829571181108,,0.052181327079857565,,1,0.0,Normal operation,False
2026-02-01 11:06:39,MTR-001,223.16,228.69,51.03446039999999,0.634,0.0004,120.6889,normal,0.0004,0.6325000000000001,51.648150400000006,3.528706771181099,,0.05147395173504665,,1,0.0,Normal operation,False
2026-02-01 11:06:41,MTR-001,223.16,228.58,51.0099128,0.476,0.0003,120.6891,normal,0.0003,0.6325000000000001,51.6788349,3.504159171181108,,0.05147395173504665,,1,0.0,Normal operation,False
2026-02-01 11:06:43,MTR-001,223.16,228.81,51.0612396,0.849,0.0005,120.6896,normal,0.0005,0.7415,51.220799,3.555485971181106,,0.05279943128467124,,1,0.0,Normal operation,False
2026-02-01 11:06:45,MTR-001,223.16,232.84,51.9605744,0.865,0.0005,120.6901,normal,0.0005,0.857,51.2665468,4.4548207711811045,,0.05350510758683513,,1,0.0,Normal operation,False
2026-02-01 11:06:47,MTR-001,223.16,231.76,51.71956159999999,0.975,0.0005,120.6906,normal,0.0005,0.857,51.4378221,4.213807971181097,,0.052181327079857565,,1,0.0,Normal operation,False
2026-02-01 11:06:49,MTR-001,223.16,231.96,51.7641936,0.827,0.0005,120.6911,normal,0.0005,0.9199999999999999,51.6263923,4.2584399711811045,,0.052181327079857565,,1,0.0,Normal operation,False
2026-02-01 11:06:51,MTR-001,223.16,227.35,50.735426,1.044,0.0006,120.6917,normal,0.0006,1.0095,51.5449389,3.2296723711811026,,0.04874403896447621,,1,0.0,Normal operation,False
2026-02-01 11:06:53,MTR-001,223.16,231.28,51.6124448,1.155,0.0006,120.6923,normal,0.0006,1.0995,51.45790649999999,4.1066911711811045,,0.0503882707484441,,1,0.0,Normal operation,False
2026-02-01 11:06:55,MTR-001,223.16,227.92,50.8626272,1.238,0.0007,120.693,normal,0.0007,1.1965,51.24367289999999,3.3568735711811044,,0.05100838586963685,,1,0.0,Normal operation,False
2026-02-01 11:06:57,MTR-001,223.16,235.05,52.453758,1.53,0.0008,120.6938,normal,0.0008,1.384,51.416064,4.948004371181106,,0.05105776241901516,,1,0.0,Normal operation,False
2026-02-01 11:06:59,MTR-001,223.16,235.78,52.616664799999995,1.598,0.0009,120.6947,normal,0.0009,1.564,51.8863737,5.110911171181101,,0.052453158255916565,,1,0.0,Normal operation,False
2026-02-01 11:07:01,MTR-001,223.16,231.27,51.6102132,1.757,0.001,120.6957,normal,0.001,1.564,51.8858158,4.104459571181103,,0.05152328666299866,,1,0.0,Normal operation,False
2026-02-01 11:07:03,MTR-001,223.16,226.62,50.5725192,1.475,0.0008,120.6965,normal,0.0008,1.5365000000000002,51.813288799999995,3.066765571181108,,0.049882430026447544,,1,0.0,Normal operation,False
2026-02-01 11:07:05,MTR-001,223.16,229.8,51.282168000000006,1.46,0.0008,120.6973,normal,0.0008,1.495,51.5203913,3.7764143711811116,,0.05152328666299866,,1,0.0,Normal operation,False
2026-02-01 11:07:07,MTR-001,223.16,228.53,50.9987548,1.515,0.0008,120.6982,normal,0.0008,1.495,51.1159138,3.493001171181106,,0.05260673905055979,,1,0.0,Normal operation,False
2026-02-01 11:07:09,MTR-001,223.16,233.73,52.15918679999999,1.628,0.0009,120.6991,normal,0.0009,1.4874999999999998,51.253157200000004,4.653433171181099,,0.052848647715212804,,1,0.0,Normal operation,False
2026-02-01 11:07:11,MTR-001,223.16,223.0,49.76468,0.447,0.0002,120.6993,normal,0.0002,0.981,51.0511974,2.2589263711811043,,0.051870144204894886,,1,0.0,Normal operation,False
2026-02-01 11:07:13,MTR-001,223.16,231.37,51.6325292,0.183,0.0001,120.6994,normal,0.0001,0.315,51.138787699999995,4.126775571181106,,0.05528593150571437,,1,0.0,Normal operation,False
2026-02-01 11:07:15,MTR-001,223.16,232.6,51.907016,0.067,0.0,120.6995,normal,0.0,0.125,51.365852999999994,4.4012623711811045,,0.05433178220375112,,1,0.0,Normal operation,False
2026-02-01 11:07:17,MTR-001,223.16,232.0,51.773120000000006,0.05,0.0,120.6995,normal,0.0,0.0695,51.2693363,4.267366371181112,,0.0556503975392354,,1,0.0,Normal operation,False
2026-02-01 11:07:19,MTR-001,223.16,229.28,51.1661248,0.072,0.0,120.6995,normal,0.0,0.0585,51.6196975,3.6603711711811044,,0.05433178220375112,,1,0.0,Normal operation,False
2026-02-01 11:07:21,MTR-001,223.16,234.02,52.2239032,0.05,0.0,120.6996,normal,0.0,0.05,51.767541,4.718149571181108,,0.05433178220375112,,1,0.0,Normal operation,False
2026-02-01 11:07:23,MTR-001,223.16,230.82,51.5097912,0.05,0.0,120.6996,normal,0.0,0.05,51.66823480000001,4.004037571181108,,0.05433178220375112,,1,0.0,Normal operation,False
2026-02-01 11:07:25,MTR-001,223.16,228.64,51.02330239999999,0.05,0.0,120.6996,normal,0.0,0.05,51.4807804,3.5175487711810973,,0.053627166919952285,,1,0.0,Normal operation,False
2026-02-01 11:07:27,MTR-001,223.16,231.95,51.761962,0.082,0.0,120.6997,normal,0.0,0.05,51.6297397,4.256208371181103,,0.05433178220375112,,1,0.0,Normal operation,False
2026-02-01 11:07:29,MTR-001,223.16,229.22,51.152735199999995,0.05,0.0,120.6997,normal,0.0,0.066,51.3619477,3.646981571181101,,0.05433178220375112,,1,0.0,Normal operation,False
2026-02-01 11:07:31,MTR-001,223.16,228.21,50.9273436,0.207,0.0001,120.6998,normal,0.0001,0.1445,51.216335799999996,3.421589971181106,,0.054947474668701646,,1,0.0,Normal operation,False
2026-02-01 11:07:33,MTR-001,223.16,229.42,51.197367199999995,0.387,0.0002,120.7,normal,0.0002,0.297,51.259851999999995,3.691613571181101,,0.05528593150571437,,1,0.0,Normal operation,False
2026-02-01 11:07:35,MTR-001,223.16,232.9,51.973964,0.445,0.0002,120.7003,normal,0.0002,0.41600000000000004,51.312852500000005,4.468210371181108,,0.0530391214957362,,1,0.0,Normal operation,False
2026-02-01 11:07:37,MTR-001,223.16,232.69,51.92710039999999,0.682,0.0004,120.7007,normal,0.0004,0.5635,51.5064438,4.421346771181099,,0.052181327079857565,,1,0.0,Normal operation,False
2026-02-01 11:07:39,MTR-001,223.16,234.92,52.4247472,0.78,0.0004,120.7011,normal,0.0004,0.7310000000000001,51.880794699999996,4.918993571181105,,0.052181327079857565,,1,0.0,Normal operation,False
2026-02-01 11:07:41,MTR-001,223.16,227.26,50.7153416,0.942,0.0005,120.7016,normal,0.0005,0.8155,51.7602883,3.209587971181108,,0.050542427229449016,,1,0.0,Normal operation,False
2026-02-01 11:07:43,MTR-001,223.16,232.69,51.92710039999999,0.851,0.0005,120.7021,normal,0.0005,0.8155,51.74857239999999,4.421346771181099,,0.052181327079857565,,1,0.0,Normal operation,False
2026-02-01 11:07:45,MTR-001,223.16,234.04,52.2283664,0.36,0.0002,120.7023,normal,0.0002,0.6054999999999999,51.8238889,4.722612771181105,,0.052181327079857565,,1,0.0,Normal operation,False
2026-02-01 11:07:47,MTR-001,223.16,235.81,52.62335959999999,0.099,0.0001,120.7023,normal,0.0001,0.22949999999999998,51.87354199999999,5.117605971181099,,0.054467579006740596,,1,0.0,Normal operation,False
2026-02-01 11:07:49,MTR-001,223.16,233.41,52.0877756,0.086,0.0,120.7024,normal,0.0,0.0925,52.2166505,4.582021971181106,,0.05433178220375112,,1,0.0,Normal operation,False
2026-02-01 11:07:51,MTR-001,223.16,227.37,50.7398892,0.065,0.0,120.7024,normal,0.0,0.0925,51.9198477,3.234135571181106,,0.052699277068133266,,1,0.0,Normal operation,False
2026-02-01 11:07:53,MTR-001,223.16,228.82,51.0634712,0.2,0.0001,120.7025,normal,0.0001,0.135,51.6286239,3.557717571181108,,0.053627166919952285,,1,0.0,Normal operation,False
2026-02-01 11:07:55,MTR-001,223.16,230.29,51.3915164,0.184,0.0001,120.7026,normal,0.0001,0.1245,51.320663100000004,3.8857627711811062,,0.05433178220375112,,1,0.0,Normal operation,False
2026-02-01 11:07:57,MTR-001,223.16,233.62,52.134639199999995,0.05,0.0,120.7027,normal,0.0,0.11699999999999999,51.332378999999996,4.628885571181101,,0.05433178220375112,,1,0.0,Normal operation,False
2026-02-01 11:07:59,MTR-001,223.16,228.45,50.98090199999999,0.05,0.0,120.7027,normal,0.0,0.05,51.392632199999994,3.475148371181099,,0.053627166919952285,,1,0.0,Normal operation,False
2026-02-01 11:08:01,MTR-001,223.16,230.78,51.5008648,0.05,0.0,120.7027,normal,0.0,0.05,51.501980599999996,3.995111171181108,,0.05433178220375112,,1,0.0,Normal operation,False
2026-02-01 11:08:03,MTR-001,223.16,232.6,51.907016,0.09,0.0001,120.7028,normal,0.0001,0.07,51.630855499999996,4.4012623711811045,,0.05433178220375112,,1,0.0,Normal operation,False
2026-02-01 11:08:05,MTR-001,223.16,221.95,49.530362,0.15,0.0001,120.7029,normal,0.0001,0.12,50.9797862,2.0246083711811025,,0.056264611174363766,,1,0.0,Normal operation,False
2026-02-01 11:08:07,MTR-001,223.16,222.85,49.731206,0.338,0.0002,120.703,normal,0.0002,0.191,50.6673622,2.225452371181106,,0.05741706654506595,,1,0.0,Normal operation,False
2026-02-01 11:08:09,MTR-001,223.16,222.24,49.5950784,0.232,0.0001,120.7032,normal,0.0001,0.2735,50.1909156,2.0893247711811043,,0.05967630554138459,,1,0.0,Normal operation,False
2026-02-01 11:08:11,MTR-001,223.16,230.13,51.3558108,0.315,0.0002,120.7033,normal,0.0002,0.279,50.0531143,3.8500571711811062,,0.0590659224244694,,1,0.0,Normal operation,False
2026-02-01 11:08:13,MTR-001,223.16,226.42,50.527887199999995,0.243,0.0001,120.7035,normal,0.0001,0.243,50.3024956,3.022133571181101,,0.056563976447610576,,1,0.0,Normal operation,False
2026-01-01 00:00:00,MTR-002,229.7,176.1,40.45017,9.7,9.7,0.96,normal,9.7,9.6,40.45017,-2479.0271714432283,,0.08952031670714411,,1,0.0,Normal operation,False
2026-01-01 00:15:00,MTR-002,230.9,171.3,39.55317000000001,9.5,19.2,0.96,normal,19.2,9.5,40.001670000000004,-2479.9241714432283,,0.10519868836896223,,1,0.0,Normal operation,False
2026-01-01 00:30:00,MTR-002,231.1,169.5,39.17145,9.4,28.6,0.965,normal,28.6,9.55,39.72493,-2480.3058914432286,,0.10100668053407946,,1,0.0,Normal operation,False
2026-01-01 00:45:00,MTR-002,229.5,174.0,39.933,9.6,38.2,0.95,normal,38.2,9.55,39.776947500000006,-2479.5443414432284,,0.1006056022108085,,1,0.0,Normal operation,False
2026-01-01 01:00:00,MTR-002,230.2,178.0,40.9756,9.8,48.0,0.955,normal,48.0,9.6,39.908305,-2478.501741443228,,0.10463092402275864,,1,0.0,Normal operation,False
2026-01-01 01:15:00,MTR-002,229.8,175.3,40.28394,9.6,57.6,0.97,normal,57.6,9.6,40.0909975,-2479.1934014432286,,0.10630146546665104,,1,0.0,Normal operation,False
2026-01-01 01:30:00,MTR-002,230.7,172.2,39.72653999999999,9.5,67.1,0.965,normal,67.1,9.55,40.22977,-2479.7508014432283,,0.11618331816774718,,1,0.0,Normal operation,False
2026-01-01 01:45:00,MTR-002,231.0,169.8,39.223800000000004,9.3,76.4,0.97,normal,76.4,9.4,40.05247,-2480.253541443228,,0.11164420311437157,,1,0.0,Normal operation,False
2026-01-01 02:00:00,MTR-002,229.9,166.1,38.18639,9.1,85.5,0.96,normal,85.5,9.2,39.3551675,-2481.2909514432286,,0.10246472550771113,,1,0.0,Normal operation,False
2026-01-01 02:15:00,MTR-002,231.2,163.0,37.6856,8.9,94.4,0.965,normal,94.4,9.0,38.7055825,-2481.7917414432286,,0.09890042184252068,,1,0.0,Normal operation,False
2026-01-31 19:59:01,MTR-002,231.66,440.117,101.95750422,0.0537,94.4537,0.947,normal,94.4537,4.5157,54.263323555,-2417.5198372232285,,0.08107566546989109,,1,0.0,Normal operation,False
2026-01-31 19:59:03,MTR-002,231.5,1035.258,239.662227,0.1314,94.5851,0.987,normal,94.5851,0.19829999999999998,104.37293030500001,-2279.8151144432286,,0.07074369545067682,,1,0.0,Normal operation,False
2026-01-31 19:59:05,MTR-002,231.74,2085.737,483.34869238000005,0.2652,94.8503,0.988,normal,94.8503,0.19829999999999998,215.66350590000002,-2036.1286490632283,,0.04368698033379603,,1,0.0,Normal operation,False
2026-01-31 19:59:07,MTR-002,230.33,6764.438,1558.05300454,0.8379,95.6882,0.968,normal,95.6882,0.55155,595.7553570350001,-961.4243369032283,,0.026080777612171535,,1,0.0,Normal operation,False
2026-01-31 19:59:17,MTR-002,231.99,88425.393,20513.80692207,10.585,134.641,0.929,normal,134.641,10.585,17385.3462800325,17994.329580626774,,0.0009058204309633222,,1,0.0,Normal operation,False
2026-01-31 19:59:19,MTR-002,225.19,89796.595,20221.29522805,10.5852,145.2262,0.942,normal,145.2262,10.58505,19999.509987975,17701.817886606772,,0.021394968857807894,,1,0.0,Normal operation,False
2026-01-31 19:59:21,MTR-002,229.83,87582.37,20129.0560971,10.5851,155.8113,0.947,normal,155.8113,10.58505,20078.855182615,17609.578755656774,,0.06666355086681142,,1,0.0,Normal operation,False
2026-01-31 19:59:23,MTR-002,229.66,86401.732,19843.021771120002,10.585,166.3962,0.96,normal,166.3962,10.58505,20176.795004585,17323.544429676775,,0.06026085327763775,,1,0.0,Normal operation,False
2026-01-31 19:59:25,MTR-002,227.11,89090.296,20233.297124560002,10.585,176.9813,0.942,normal,176.9813,10.58505,20106.667555207503,17713.819783116774,,0.06736928500567796,,1,0.0,Normal operation,False
2026-01-31 19:59:27,MTR-002,228.47,88561.391,20233.62100177,10.5851,187.5664,0.942,normal,187.5664,10.585,20109.7489986375,17714.143660326772,,0.05467124907360976,,1,0.0,Normal operation,False
2026-01-31 19:59:29,MTR-002,227.06,89435.997,20307.337478819998,10.585,198.1514,0.938,normal,198.1514,10.58505,20154.319344067502,17787.86013737677,,0.04950310787977519,,1,0.0,Normal operation,False
2026-01-31 19:59:31,MTR-002,227.55,88652.57,20172.892303500004,10.5851,208.7365,0.944,normal,208.7365,10.58505,20236.7869771625,17653.414962056777,,0.05692537134553588,,1,0.0,Normal operation,False
2026-01-31 19:59:35,MTR-002,231.46,85651.881,19824.984376259996,10.585,229.9065,0.961,normal,229.9065,10.585,19873.977574215,17305.50703481677,,0.051157761990836326,,1,0.0,Normal operation,False
2026-01-31 19:59:37,MTR-002,231.46,83794.944,19395.17773824,10.585,240.4915,0.982,normal,240.4915,10.585,19645.937639069998,16875.700396796772,,0.037274869821841694,,1,0.0,Normal operation,False
2026-01-31 19:59:39,MTR-002,230.79,84689.122,19545.40246638,10.585,251.0766,0.975,normal,251.0766,10.585,19489.06517979,17025.925124936773,,0.03331515166324639,,1,0.0,Normal operation,False
2026-02-01 10:56:02,MTR-002,236.29,231.31,54.6562399,19053.196,10.5851,304.0016,normal,10.5851,19053.1515,54.819870725,-2464.8211015432285,,0.012508017331996468,,1,0.0,Normal operation,False
2026-02-01 10:56:04,MTR-002,236.29,226.6,53.543313999999995,19053.377,10.5852,314.5868,normal,10.5852,19053.286500000002,54.320117374999995,-2465.9340274432284,,0.012508017331996468,,1,0.0,Normal operation,False
2026-02-01 10:56:06,MTR-002,236.29,223.58,52.8297182,19053.389,10.5852,325.172,normal,10.5852,19053.343,53.949142075,-2466.6476232432283,,0.012508017331996468,,1,0.0,Normal operation,False
2026-02-01 10:56:08,MTR-002,236.29,229.87,54.315982299999995,19053.309,10.5852,335.7572,normal,10.5852,19053.383,53.8363136,-2465.1613591432283,,0.012508017331996468,,1,0.0,Normal operation,False
2026-02-01 10:56:10,MTR-002,236.29,230.83,54.54282070000001,19053.562,10.5853,346.3425,normal,10.5853,19053.367,53.8079588,-2464.9345207432284,,0.012508017331996468,,1,0.0,Normal operation,False
2026-02-01 10:56:12,MTR-002,236.29,231.2,54.630247999999995,19053.345,10.5852,356.9277,normal,10.5852,19053.360500000003,54.079692300000005,-2464.8470934432285,,0.012508017331996468,,1,0.0,Normal operation,False
2026-02-01 10:56:14,MTR-002,236.29,228.83,54.0702407,19053.376,10.5852,367.5129,normal,10.5852,19053.415500000003,54.389822925000004,-2465.4071007432285,,0.012508017331996468,,1,0.0,Normal operation,False
2026-02-01 10:56:16,MTR-002,236.29,230.15,54.3821435,19053.455,10.5853,378.0981,normal,10.5853,19053.412,54.406363225,-2465.0951979432284,,0.012508017331996468,,1,0.0,Normal operation,False
2026-02-01 10:56:18,MTR-002,236.29,232.87,55.0248523,19053.448,10.5852,388.6834,normal,10.5852,19053.451500000003,54.526871125,-2464.4524891432284,,0.012508017331996468,,1,0.0,Normal operation,False
2026-02-01 10:56:20,MTR-002,236.29,226.44,53.505507599999994,19053.57,10.5853,399.2687,normal,10.5853,19053.5125,54.245686025,-2465.9718338432285,,0.012508017331996468,,1,0.0,Normal operation,False
2026-02-01 10:56:22,MTR-002,236.29,232.65,54.9728685,19053.645,10.5854,409.854,normal,10.5854,19053.509,54.471342975,-2464.5044729432284,,0.012508017331996468,,1,0.0,Normal operation,False
2026-02-01 10:56:24,MTR-002,236.29,236.69,55.927480100000004,5535.32,3.0752,412.9292,normal,3.0752,12294.445,54.857677125,-2463.5498613432283,,0.012009577844671049,,1,0.0,Normal operation,False
2026-02-01 10:56:26,MTR-002,236.29,233.37,55.142997300000005,1716.029,0.9533,413.8826,normal,0.9533,4587.628,54.887213375,-2464.3343441432285,,0.012009577844671049,,1,0.0,Normal operation,False
2026-02-01 11:05:35,MTR-002,236.29,230.59,54.4861111,3639.936,2.0222,274261.7996,normal,2.0222,2677.9825,55.13236425,-2464.9912303432284,,0.012009577844671049,,1,0.0,Normal operation,False
2026-02-01 11:05:37,MTR-002,236.29,225.98,53.396814199999994,947.509,0.5264,274262.326,normal,0.5264,1331.769,54.73835067500001,-2466.0805272432285,,0.012009577844671049,,1,0.0,Normal operation,False
2026-02-01 11:05:39,MTR-002,236.29,229.26,54.171845399999995,419.382,0.233,274262.559,normal,0.233,683.4455,54.299442,-2465.3054960432282,,0.012009577844671049,,1,0.0,Normal operation,False
2026-02-01 11:05:41,MTR-002,236.29,227.84,53.836313600000004,162.056,0.09,274262.649,normal,0.09,290.719,53.972771075,-2465.6410278432286,,0.012009577844671049,,1,0.0,Normal operation,False
2026-02-01 11:05:43,MTR-002,236.29,231.94,54.8051026,77.064,0.0428,274262.6918,normal,0.0428,119.56,54.05251894999999,-2464.6722388432286,,0.012009577844671049,,1,0.0,Normal operation,False
2026-02-01 11:05:45,MTR-002,236.29,238.37,56.3244473,34.262,0.019,274262.7108,normal,0.019,55.663,54.784427225,-2463.1528941432284,,0.012009577844671049,,1,0.0,Normal operation,False
2026-02-01 11:05:47,MTR-002,236.29,231.98,54.814554199999996,18.757,0.0104,274262.7213,normal,0.0104,26.509500000000003,54.945104425,-2464.662787243228,,0.012009577844671049,,1,0.0,Normal operation,False
2026-02-01 11:05:49,MTR-002,236.29,230.23,54.4010467,18.746,0.0104,274262.7317,normal,0.0104,18.7975,55.0862877,-2465.0762947432286,,0.012009577844671049,,1,0.0,Normal operation,False
2026-02-01 11:05:51,MTR-002,236.29,233.6,55.197343999999994,18.838,0.0105,274262.7422,normal,0.0105,18.757,55.184348050000004,-2464.2799974432282,,0.012009577844671049,,1,0.0,Normal operation,False
2026-02-01 11:05:53,MTR-002,236.29,236.35,55.8471415,18.757,0.0104,274262.7526,normal,0.0104,18.7515,55.0650216,-2463.6301999432285,,0.012009577844671049,,1,0.0,Normal operation,False
2026-02-01 11:05:55,MTR-002,236.29,224.37,53.016387300000005,18.739,0.0104,274262.763,normal,0.0104,18.748,54.615479875000005,-2466.4609541432283,,0.012009577844671049,,1,0.0,Normal operation,False
2026-02-01 11:05:57,MTR-002,236.29,228.55,54.0040795,18.738,0.0104,274262.7734,normal,0.0104,18.748,54.516238075000004,-2465.4732619432284,,0.012009577844671049,,1,0.0,Normal operation,False
2026-02-01 11:05:59,MTR-002,236.29,234.0,55.29186,18.993,0.0106,274262.7839,normal,0.0106,18.866,54.539867075000004,-2464.1854814432286,,0.012009577844671049,,1,0.0,Normal operation,False
2026-02-01 11:06:01,MTR-002,236.29,230.37,54.4341273,19.41,0.0108,274262.7947,normal,0.0108,19.2015,54.186613525,-2465.0432141432284,,0.012009577844671049,,1,0.0,Normal operation,False
2026-02-01 11:06:03,MTR-002,236.29,231.72,54.753118799999996,19.422,0.0108,274262.8055,normal,0.0108,19.2545,54.620796399999996,-2464.7242226432286,,0.012009577844671049,,1,0.0,Normal operation,False
2026-02-01 11:06:05,MTR-002,236.29,228.95,54.098595499999995,19.099,0.0106,274262.8161,normal,0.0106,19.326999999999998,54.644425399999996,-2465.3787459432283,,0.012009577844671049,,1,0.0,Normal operation,False
2026-02-01 11:06:07,MTR-002,236.29,226.95,53.626015499999994,19.244,0.0107,274262.8268,normal,0.0107,19.213,54.22796427499999,-2465.8513259432284,,0.012009577844671049,,1,0.0,Normal operation,False
2026-02-01 11:06:09,MTR-002,236.29,222.91,52.671403899999994,19.182,0.0107,274262.8375,normal,0.0107,19.1405,53.78728342499999,-2466.8059375432285,,0.012009577844671049,,1,0.0,Normal operation,False
2026-02-01 11:06:11,MTR-002,236.29,230.26,54.4081354,18.865,0.0105,274262.848,normal,0.0105,19.0235,53.701037574999994,-2465.0692060432284,,0.012009577844671049,,1,0.0,Normal operation,False
2026-02-01 11:06:13,MTR-002,236.29,233.15,55.0910135,18.76,0.0104,274262.8584,normal,0.0104,18.826,53.949142075,-2464.3863279432285,,0.012009577844671049,,1,0.0,Normal operation,False
2026-02-01 11:06:15,MTR-002,236.29,224.82,53.1227178,18.787,0.0104,274262.8688,normal,0.0104,18.826,53.82331765,-2466.3546236432285,,0.012009577844671049,,1,0.0,Normal operation,False
2026-02-01 11:06:17,MTR-002,236.29,222.53,52.5816137,18.92,0.0105,274262.8793,normal,0.0105,18.8535,53.8008701,-2466.8957277432282,,0.012009577844671049,,1,0.0,Normal operation,False
2026-02-01 11:06:19,MTR-002,236.29,230.0,54.3467,19.011,0.0106,274262.8899,normal,0.0106,18.9655,53.78551125,-2465.1306414432283,,0.012009577844671049,,1,0.0,Normal operation,False
2026-02-01 11:06:21,MTR-002,236.29,230.75,54.523917499999996,19.32,0.0107,274262.9006,normal,0.0107,19.1055,53.64373725,-2464.9534239432282,,0.012009577844671049,,1,0.0,Normal operation,False
2026-02-01 11:06:23,MTR-002,236.29,225.77,53.3471933,19.2,0.0107,274262.9113,normal,0.0107,19.259999999999998,53.699856125,-2466.1301481432283,,0.012009577844671049,,1,0.0,Normal operation,False
2026-02-01 11:06:25,MTR-002,236.29,229.41,54.2072889,19.41,0.0108,274262.9221,normal,0.0108,19.299,54.106274925,-2465.2700525432283,,0.012009577844671049,,1,0.0,Normal operation,False
2026-02-01 11:06:27,MTR-002,236.29,232.2,54.86653799999999,19.278,0.0107,274262.9328,normal,0.0107,19.344,54.236234425,-2464.610803443228,,0.012009577844671049,,1,0.0,Normal operation,False
2026-02-01 11:06:29,MTR-002,236.29,228.47,53.9851763,19.547,0.0109,274262.9436,normal,0.0109,19.4785,54.101549125,-2465.4921651432282,,0.012009577844671049,,1,0.0,Normal operation,False
2026-02-01 11:06:31,MTR-002,236.29,229.17,54.1505793,19.597,0.0109,274262.9545,normal,0.0109,19.572000000000003,54.302395625,-2465.3267621432283,,0.012009577844671049,,1,0.0,Normal operation,False
2026-02-01 11:06:33,MTR-002,236.29,236.42,55.8636818,19.732,0.011,274262.9655,normal,0.011,19.626,54.71649385,-2463.6136596432284,,0.012009577844671049,,1,0.0,Normal operation,False
2026-02-01 11:06:35,MTR-002,236.29,231.48,54.6964092,19.655,0.0109,274262.9764,normal,0.0109,19.626,54.673961649999995,-2464.7809322432286,,0.012009577844671049,,1,0.0,Normal operation,False
2026-02-01 11:06:37,MTR-002,236.29,231.33,54.6609657,19.571,0.0109,274262.9873,normal,0.0109,19.625500000000002,54.842909,-2464.8163757432285,,0.012009577844671049,,1,0.0,Normal operation,False
2026-02-01 11:06:39,MTR-002,236.29,231.49,54.6987721,19.596,0.0109,274262.9982,normal,0.0109,19.599,54.9799572,-2464.7785693432284,,0.012009577844671049,,1,0.0,Normal operation,False
2026-02-01 11:06:41,MTR-002,236.29,236.49,55.8802221,19.602,0.0109,274263.0091,normal,0.0109,19.599,54.984092274999995,-2463.5971193432283,,0.012009577844671049,,1,0.0,Normal operation,False
2026-02-01 11:06:43,MTR-002,236.29,236.62,55.9109398,19.943,0.0111,274263.0201,normal,0.0111,19.7725,55.28772492499999,-2463.5664016432283,,0.012009577844671049,,1,0.0,Normal operation,False
2026-02-01 11:06:45,MTR-002,236.29,225.09,53.1865161,20.052,0.0111,274263.0313,normal,0.0111,19.936,54.919112524999996,-2466.2908253432283,,0.012009577844671049,,1,0.0,Normal operation,False
2026-02-01 11:06:47,MTR-002,236.29,234.75,55.4690775,19.929,0.0111,274263.0423,normal,0.0111,19.936,55.111688875,-2464.0082639432285,,0.012009577844671049,,1,0.0,Normal operation,False
2026-02-01 11:06:49,MTR-002,236.29,230.51,54.46720789999999,19.917,0.0111,274263.0534,normal,0.0111,19.923000000000002,54.758435325,-2465.010133543228,,0.012009577844671049,,1,0.0,Normal operation,False
2026-02-01 11:06:51,MTR-002,236.29,228.7,54.039522999999996,19.743,0.011,274263.0644,normal,0.011,19.923000000000002,54.29058112499999,-2465.4378184432285,,0.012009577844671049,,1,0.0,Normal operation,False
2026-02-01 11:06:53,MTR-002,236.29,227.72,53.8079588,19.955,0.0111,274263.0755,normal,0.0111,19.936,54.4459418,-2465.6693826432283,,0.012009577844671049,,1,0.0,Normal operation,False
2026-02-01 11:06:55,MTR-002,236.29,225.98,53.396814199999994,20.049,0.0111,274263.0866,normal,0.0111,20.002,53.927875975,-2466.0805272432285,,0.012009577844671049,,1,0.0,Normal operation,False
2026-02-01 11:06:57,MTR-002,236.29,229.64,54.26163559999999,20.085,0.0112,274263.0978,normal,0.0112,20.002,53.87648289999999,-2465.2157058432285,,0.012009577844671049,,1,0.0,Normal operation,False
2026-02-01 11:06:59,MTR-002,236.29,227.75,53.8150475,19.848,0.011,274263.1088,normal,0.011,19.9485,53.82036402499999,-2465.662293943228,,0.012009577844671049,,1,0.0,Normal operation,False
2026-02-01 11:07:01,MTR-002,236.29,232.92,55.03666679999999,19.605,0.0109,274263.1197,normal,0.0109,19.793,54.12754102499999,-2464.4406746432282,,0.012009577844671049,,1,0.0,Normal operation,False
2026-02-01 11:07:03,MTR-002,236.29,227.8,53.826862,19.738,0.011,274263.1306,normal,0.011,19.793,54.235052974999995,-2465.6504794432285,,0.012009577844671049,,1,0.0,Normal operation,False
2026-02-01 11:07:05,MTR-002,236.29,230.95,54.571175499999995,20.031,0.0111,274263.1418,normal,0.0111,19.8845,54.312437949999996,-2464.906165943228,,0.012009577844671049,,1,0.0,Normal operation,False
2026-02-01 11:07:07,MTR-002,236.29,234.13,55.3225777,20.159,0.0112,274263.153,normal,0.0112,20.006,54.689320499999994,-2464.1547637432286,,0.012009577844671049,,1,0.0,Normal operation,False
2026-02-01 11:07:09,MTR-002,236.29,230.83,54.54282070000001,19.981,0.0111,274263.1641,normal,0.0111,20.006,54.565858975,-2464.9345207432284,,0.012009577844671049,,1,0.0,Normal operation,False
2026-02-01 11:07:11,MTR-002,236.29,232.9,55.031940999999996,8.19,0.0046,274263.1686,normal,0.0046,14.0855,54.867128725,-2464.445400443228,,0.012009577844671049,,1,0.0,Normal operation,False
2026-02-01 11:07:13,MTR-002,236.29,235.94,55.75026259999999,2.228,0.0012,274263.1699,normal,0.0012,5.209,55.1619005,-2463.7270788432284,,0.0205433091048981,,1,0.0,Normal operation,False
2026-02-01 11:07:15,MTR-002,236.29,228.65,54.0277085,0.549,0.0003,274263.1702,normal,0.0003,1.3885,54.838183199999996,-2465.4496329432286,,0.024537689553255415,,1,0.0,Normal operation,False
2026-02-01 11:07:17,MTR-002,236.29,228.87,54.079692300000005,0.191,0.0001,274263.1703,normal,0.0001,0.37,54.7224011,-2465.3976491432286,,0.020978489791563693,,1,0.0,Normal operation,False
2026-02-01 11:07:19,MTR-002,236.29,231.34,54.6633286,0.109,0.0001,274263.1703,normal,0.0001,0.15,54.630247999999995,-2464.8140128432283,,0.022449886517429962,,1,0.0,Normal operation,False
2026-02-01 11:07:21,MTR-002,236.29,229.31,54.1836599,0.078,0.0,274263.1704,normal,0.0,0.136,54.238597325,-2465.2936815432286,,0.02353016179960543,,1,0.0,Normal operation,False
2026-02-01 11:07:23,MTR-002,236.29,231.06,54.5971674,0.163,0.0001,274263.1705,normal,0.0001,0.0935,54.38096205,-2464.880174043228,,0.02353016179960543,,1,0.0,Normal operation,False
2026-02-01 11:07:25,MTR-002,236.29,229.17,54.1505793,0.05,0.0,274263.1705,normal,0.0,0.10400000000000001,54.3986838,-2465.3267621432283,,0.02353016179960543,,1,0.0,Normal operation,False
2026-02-01 11:07:27,MTR-002,236.29,229.71,54.2781759,0.13,0.0001,274263.1706,normal,0.0001,0.09,54.302395625,-2465.1991655432284,,0.02353016179960543,,1,0.0,Normal operation,False
2026-02-01 11:07:29,MTR-002,236.29,231.27,54.6467883,0.05,0.0,274263.1706,normal,0.0,0.09,54.418177725,-2464.8305531432284,,0.02353016179960543,,1,0.0,Normal operation,False
2026-02-01 11:07:31,MTR-002,236.29,223.9,52.905331,0.152,0.0001,274263.1707,normal,0.0001,0.09,53.995218625,-2466.5720104432285,,0.02353016179960543,,1,0.0,Normal operation,False
2026-02-01 11:07:33,MTR-002,236.29,225.42,53.264491799999995,0.05,0.0,274263.1707,normal,0.0,0.0665,53.77369675,-2466.2128496432283,,0.02353016179960543,,1,0.0,Normal operation,False
2026-02-01 11:07:35,MTR-002,236.29,225.19,53.21014509999999,0.083,0.0,274263.1708,normal,0.0,0.078,53.50668904999999,-2466.2671963432285,,0.02353016179960543,,1,0.0,Normal operation,False
2026-02-01 11:07:37,MTR-002,236.29,222.39,52.54853309999999,0.073,0.0,274263.1708,normal,0.0,0.0615,52.982125249999996,-2466.9288083432284,,0.02353016179960543,,1,0.0,Normal operation,False
2026-02-01 11:07:39,MTR-002,236.29,224.93,53.1487097,0.05,0.0,274263.1708,normal,0.0,0.0615,53.042969924999994,-2466.3286317432285,,0.02353016179960543,,1,0.0,Normal operation,False
2026-02-01 11:07:41,MTR-002,236.29,234.95,55.5163355,0.05,0.0,274263.1709,normal,0.0,0.05,53.60593084999999,-2463.9610059432284,,0.02353016179960543,,1,0.0,Normal operation,False
2026-02-01 11:07:43,MTR-002,236.29,228.92,54.0915068,0.05,0.0,274263.1709,normal,0.0,0.05,53.826271274999996,-2465.3858346432285,,0.02353016179960543,,1,0.0,Normal operation,False
2026-02-01 11:07:45,MTR-002,236.29,233.33,55.1335457,0.05,0.0,274263.1709,normal,0.0,0.05,54.472524425,-2464.3437957432284,,0.02353016179960543,,1,0.0,Normal operation,False
2026-02-01 11:07:47,MTR-002,236.29,236.34,55.8447786,0.05,0.0,274263.1709,normal,0.0,0.05,55.146541649999996,-2463.6325628432282,,0.02353016179960543,,1,0.0,Normal operation,False
2026-02-01 11:07:49,MTR-002,236.29,227.22,53.689813799999996,0.097,0.0001,274263.171,normal,0.0001,0.07250000000000001,54.689911224999996,-2465.7875276432283,,0.02353016179960543,,1,0.0,Normal operation,False
2026-02-01 11:07:51,MTR-002,236.29,229.1,54.134038999999994,0.095,0.0001,274263.171,normal,0.0001,0.07250000000000001,54.700544275,-2465.3433024432284,,0.02353016179960543,,1,0.0,Normal operation,False
2026-02-01 11:07:53,MTR-002,236.29,229.34,54.1907486,0.05,0.0,274263.1711,normal,0.0,0.096,54.464845,-2465.2865928432284,,0.02353016179960543,,1,0.0,Normal operation,False
2026-02-01 11:07:55,MTR-002,236.29,239.11,56.4993019,0.1,0.0001,274263.1711,normal,0.0001,0.0975,54.628475824999995,-2462.9780395432285,,0.02353016179960543,,1,0.0,Normal operation,False
2026-02-01 11:07:57,MTR-002,236.29,232.96,55.0461184,0.146,0.0001,274263.1712,normal,0.0001,0.1155,54.967551975,-2464.4312230432283,,0.02353016179960543,,1,0.0,Normal operation,False
2026-02-01 11:07:59,MTR-002,236.29,232.77,55.0012233,0.131,0.0001,274263.1713,normal,0.0001,0.1385,55.18434805,-2464.476118143228,,0.02353016179960543,,1,0.0,Normal operation,False
2026-02-01 11:08:01,MTR-002,236.29,241.16,56.9836964,0.361,0.0002,274263.1715,normal,0.0002,0.2535,55.882585,-2462.4936450432283,,0.0219598344909403,,1,0.0,Normal operation,False
2026-02-01 11:08:03,MTR-002,236.29,228.84,54.0726036,0.859,0.0005,274263.172,normal,0.0005,0.61,55.27591042499999,-2465.4047378432283,,0.020978489791563693,,1,0.0,Normal operation,False
2026-02-01 11:08:05,MTR-002,236.29,235.8,55.717182,0.935,0.0005,274263.1725,normal,0.0005,0.8085,55.443676325,-2463.7601594432285,,0.020487196420797438,,1,0.0,Normal operation,False
2026-02-01 11:08:07,MTR-002,236.29,228.45,53.980450499999996,0.758,0.0004,274263.1729,normal,0.0004,0.897,55.188483125000005,-2465.496890943228,,0.01999548857023581,,1,0.0,Normal operation,False
2026-02-01 11:08:09,MTR-002,236.29,229.81,54.30180489999999,0.953,0.0005,274263.1734,normal,0.0005,0.8465,54.518010249999996,-2465.175536543228,,0.020487196420797438,,1,0.0,Normal operation,False
2026-02-01 11:08:11,MTR-002,236.29,233.4,55.150086,0.476,0.0003,274263.1737,normal,0.0003,0.617,54.78738084999999,-2464.3272554432283,,0.020487196420797438,,1,0.0,Normal operation,False
2026-02-01 11:08:13,MTR-002,236.29,233.41,55.152448899999996,0.197,0.0001,274263.1738,normal,0.0001,0.476,54.646197575,-2464.3248925432285,,0.020978489791563693,,1,0.0,Normal operation,False
2026-01-01 00:00:00,MTR-003,230.5,140.7,32.43135,7.8,7.8,0.96,normal,7.8,7.699999999999999,32.43135,-9.415312551968505,,0.0780651125150672,,1,0.0,Normal operation,False
2026-01-01 00:15:00,MTR-003,229.6,138.3,31.75368,7.6,15.4,0.955,normal,15.4,7.6,32.092515,-10.092982551968507,,0.09607455384067254,,1,0.0,Normal operation,False
2026-01-01 00:30:00,MTR-003,230.1,137.0,31.5237,7.5,22.9,0.965,normal,22.9,7.55,31.902910000000002,-10.322962551968505,,0.11155473237546887,,1,0.0,Normal operation,False
2026-01-01 00:45:00,MTR-003,231.0,136.0,31.416,7.4,30.3,0.97,normal,30.3,7.45,31.7811825,-10.430662551968506,,0.11598486520645113,,1,0.0,Normal operation,False
2026-01-01 01:00:00,MTR-003,229.8,135.1,31.04598,7.3,37.6,0.95,normal,37.6,7.35,31.434839999999998,-10.800682551968507,,0.1263748079476792,,1,0.0,Normal operation,False
2026-01-01 01:15:00,MTR-003,230.4,134.6,31.01184,7.2,44.8,0.96,normal,44.8,7.25,31.249380000000002,-10.834822551968507,,0.125805180977217,,1,0.0,Normal operation,False
2026-01-01 01:30:00,MTR-003,231.2,133.6,30.888319999999997,7.1,51.9,0.97,normal,51.9,7.15,31.090535,-10.95834255196851,,0.12439494824932945,,1,0.0,Normal operation,False
2026-01-01 01:45:00,MTR-003,229.7,132.1,30.34337,7.0,58.9,0.955,normal,58.9,7.05,30.8223775,-11.503292551968507,,0.1268826788196929,,1,0.0,Normal operation,False
2026-01-01 02:00:00,MTR-003,230.6,131.0,30.208599999999997,6.9,65.8,0.965,normal,65.8,6.95,30.6130325,-11.63806255196851,,0.12496822473346031,,1,0.0,Normal operation,False
2026-01-01 02:15:00,MTR-003,229.9,129.8,29.841020000000004,6.8,72.6,0.96,normal,72.6,6.85,30.320327499999998,-12.005642551968503,,0.11602194980865488,,1,0.0,Normal operation,False
2026-01-01 00:45:00,MTR-001,232.1,214.6,49.808659999999996,11.9,47.7,0.955,normal,47.7,10.771263062006671,49.8524525,2.302906371181102,,0.09940244828345524,,1,0.0,Normal operation,False
2026-01-01 01:00:00,MTR-001,229.6,218.9,50.259440000000005,12.1,59.8,0.95,normal,59.8,10.771263062006671,49.5047925,2.753686371181111,,0.10844421273656701,,1,0.0,Normal operation,False
2026-01-01 01:15:00,MTR-001,230.8,217.2,50.129760000000005,12.0,71.8,0.96,normal,71.8,10.771263062006671,49.7486775,2.6240063711811104,,0.12013824364178155,,1,0.0,Normal operation,False
2026-01-01 01:30:00,MTR-001,231.0,212.7,49.1337,11.7,83.5,0.97,normal,83.5,10.771263062006671,49.83289,1.6279463711811033,,0.130989572141111,,1,0.0,Normal operation,False
2026-01-01 01:45:00,MTR-001,228.9,212.7,48.68703,11.5,95.0,0.95,normal,95.0,10.771263062006671,49.5524825,1.1812763711811058,,0.11543710364426163,,1,0.0,Normal operation,False
2026-01-01 02:00:00,MTR-001,230.2,208.8,48.065760000000004,11.3,106.3,0.96,normal,106.3,10.771263062006671,49.0040625,0.5600063711811103,,0.12483929646967701,,1,0.0,Normal operation,False
2026-01-01 02:15:00,MTR-001,231.5,205.8,47.642700000000005,11.2,117.5,0.97,normal,117.5,10.771263062006671,48.3822975,0.13694637118111075,,0.11435336799055884,,1,0.0,Normal operation,False
2026-01-31 19:59:01,MTR-001,229.75,201.303,46.24936425,0.0249,117.5249,0.969,normal,117.5249,5.61245,47.6612135625,-1.256389378818895,,0.12294176437616411,,1,0.0,Normal operation,False
2026-01-31 19:59:17,MTR-003,232.84,0.223,0.05192332,0.0,72.6084,0.962,normal,72.6084,0.0,0.061337445000000004,-41.79473923196851,,0.2078618233333832,,1,0.0,Normal operation,False
2026-01-31 19:59:19,MTR-003,239.0,0.573,0.136947,0.0001,72.6085,0.947,normal,72.6085,0.0,0.073807395,-41.70971555196851,,0.13925899317201423,,1,0.0,Normal operation,False
2026-01-31 19:59:21,MTR-003,228.99,0.323,0.07396377000000001,0.0,72.6085,0.973,normal,72.6085,0.0,0.0792222625,-41.77269878196851,,0.2080551569158286,,1,0.0,Normal operation,False
2026-01-31 19:59:23,MTR-003,234.67,0.228,0.05350476,0.0,72.6085,0.935,normal,72.6085,0.0,0.0790847125,-41.793157791968504,,0.19981691011073455,,1,0.0,Normal operation,False
2026-01-31 19:59:25,MTR-003,231.24,0.23,0.0531852,0.0,72.6086,0.941,normal,72.6086,0.0,0.0794001825,-41.793477351968505,,0.21096467881000563,,1,0.0,Normal operation,False
2026-01-31 19:59:27,MTR-003,230.21,0.221,0.05087641,0.0,72.6086,0.982,normal,72.6086,0.0,0.057882535,-41.795786141968506,,0.20973039948251687,,1,0.0,Normal operation,False
2026-01-31 19:59:29,MTR-003,235.91,0.751,0.17716841,0.0001,72.6087,0.95,normal,72.6087,5e-05,0.083683695,-41.66949414196851,,0.1710800013748595,,1,0.0,Normal operation,False
2026-01-31 19:59:31,MTR-003,229.35,0.489,0.11215214999999999,0.0001,72.6087,0.945,normal,72.6087,0.0001,0.0983455425,-41.73451040196851,,0.20814165549379327,,1,0.0,Normal operation,False
2026-01-31 19:59:33,MTR-003,222.74,0.597,0.13297578,0.0001,72.6088,0.944,normal,72.6088,0.0001,0.11829318749999998,-41.713686771968504,,0.14367974071774398,,1,0.0,Normal operation,False
2026-01-31 19:59:35,MTR-003,232.77,0.992,0.23090784000000003,0.0001,72.6089,0.939,normal,72.6089,0.0001,0.16330104499999998,-41.615754711968506,,0.19624928797280278,,1,0.0,Normal operation,False
2026-01-31 19:59:37,MTR-003,229.63,0.889,0.20414106999999998,0.0001,72.609,0.951,normal,72.609,0.0001,0.17004420999999997,-41.64252148196851,,0.19836963883979153,,1,0.0,Normal operation,False
2026-01-31 19:59:39,MTR-003,233.51,0.609,0.14220759,0.0001,72.6091,0.941,normal,72.6091,0.0001,0.17755806999999998,-41.70445496196851,,0.19773471175665408,,1,0.0,Normal operation,False
2026-01-31 19:59:41,MTR-003,225.88,0.621,0.14027148,0.0001,72.6092,0.94,normal,72.6092,0.0001,0.179381995,-41.706391071968504,,0.1754813354718125,,1,0.0,Normal operation,False
2026-02-01 10:55:56,MTR-003,225.88,235.34,53.1585992,0.178,0.0001,72.6092,normal,0.0001,0.08904999999999999,13.411304835,11.311936648031491,,0.029470163432354535,,1,0.0,Normal operation,False
2026-02-01 10:55:58,MTR-003,225.88,229.77,51.9004476,0.254,0.0001,72.6093,normal,0.0001,0.216,26.3353814675,10.053785048031493,,0.033495581032747634,,1,0.0,Normal operation,False
2026-02-01 10:56:00,MTR-003,225.88,232.12,52.431265599999996,0.377,0.0002,72.6095,normal,0.0002,0.3125,39.40764597,10.58460304803149,,0.03511816259546019,,1,0.0,Normal operation,False
2026-02-01 10:56:02,MTR-003,225.88,221.45,50.021125999999995,0.371,0.0002,72.6098,normal,0.0002,0.374,51.8778596,8.174463448031489,,0.032121208431546644,,1,0.0,Normal operation,False
2026-02-01 10:56:04,MTR-003,225.88,226.46,51.1527848,0.38,0.0002,72.61,normal,0.0002,0.374,51.376406,9.306122248031492,,0.032121208431546644,,1,0.0,Normal operation,False
2026-02-01 10:56:06,MTR-003,225.88,231.49,52.288961199999996,0.217,0.0001,72.6101,normal,0.0001,0.3755,51.4735344,10.442298648031489,,0.032602695038168816,,1,0.0,Normal operation,False
2026-02-01 10:56:08,MTR-003,225.88,231.37,52.261855600000004,0.425,0.0002,72.6103,normal,0.0002,0.40249999999999997,51.4311819,10.415193048031497,,0.032602695038168816,,1,0.0,Normal operation,False
2026-02-01 10:56:10,MTR-003,225.88,230.47,52.0585636,0.533,0.0003,72.6106,normal,0.0003,0.479,51.9405413,10.211901048031493,,0.032121208431546644,,1,0.0,Normal operation,False
2026-02-01 10:56:12,MTR-003,225.88,230.85,52.144398,0.552,0.0003,72.6109,normal,0.0003,0.5425,52.188444600000004,10.297735448031496,,0.032121208431546644,,1,0.0,Normal operation,False
2026-02-01 10:56:14,MTR-003,225.88,226.62,51.188925600000005,0.585,0.0003,72.6113,normal,0.0003,0.5425,51.9134357,9.342263048031498,,0.032121208431546644,,1,0.0,Normal operation,False
2026-02-01 10:56:16,MTR-003,225.88,232.4,52.494512,0.508,0.0003,72.6115,normal,0.0003,0.53,51.97159980000001,10.647849448031494,,0.032602695038168816,,1,0.0,Normal operation,False
2026-02-01 10:56:18,MTR-003,225.88,230.14,51.984023199999996,0.482,0.0003,72.6118,normal,0.0003,0.5465,51.952964699999995,10.137360648031489,,0.032121208431546644,,1,0.0,Normal operation,False
2026-02-01 10:56:20,MTR-003,225.88,230.69,52.1082572,0.615,0.0003,72.6121,normal,0.0003,0.495,51.943929499999996,10.26159464803149,,0.032121208431546644,,1,0.0,Normal operation,False
2026-02-01 10:56:22,MTR-003,225.88,227.94,51.487087200000005,0.422,0.0002,72.6124,normal,0.0002,0.45199999999999996,52.0184699,9.640424648031498,,0.032121208431546644,,1,0.0,Normal operation,False
2026-02-01 10:56:24,MTR-003,225.88,234.81,53.038882799999996,0.332,0.0002,72.6126,normal,0.0002,0.381,52.154562600000006,11.19222024803149,,0.033014036802933244,,1,0.0,Normal operation,False
2026-02-01 10:56:26,MTR-003,225.88,229.64,51.871083199999994,0.34,0.0002,72.6128,normal,0.0002,0.381,52.126327599999996,10.024420648031487,,0.032121208431546644,,1,0.0,Normal operation,False
2026-02-01 11:05:35,MTR-003,225.88,232.79,52.582605199999996,1.777,0.001,79.1811,normal,0.001,1.0585,52.2449146,10.73594264803149,,0.0341159317759433,,1,0.0,Normal operation,False
2026-02-01 11:05:37,MTR-003,225.88,232.1,52.426747999999996,1.784,0.001,79.1821,normal,0.001,1.7805,52.4798298,10.58008544803149,,0.0398277771982688,,1,0.0,Normal operation,False
2026-02-01 11:05:39,MTR-003,225.88,233.63,52.772344399999994,1.838,0.001,79.1831,normal,0.001,1.811,52.4131952,10.925681848031488,,0.0398277771982688,,1,0.0,Normal operation,False
2026-02-01 11:05:41,MTR-003,225.88,231.21,52.2257148,1.888,0.001,79.1841,normal,0.001,1.863,52.50185309999999,10.379052248031492,,0.0398277771982688,,1,0.0,Normal operation,False
2026-02-01 11:05:43,MTR-003,225.88,226.49,51.159561200000006,2.101,0.0012,79.1853,normal,0.0012,1.903,52.1460921,9.3128986480315,,0.03935238603431679,,1,0.0,Normal operation,False
2026-02-01 11:05:45,MTR-003,225.88,232.71,52.564534800000004,1.918,0.0011,79.1864,normal,0.0011,1.903,52.1805388,10.717872248031497,,0.0398277771982688,,1,0.0,Normal operation,False
2026-02-01 11:05:47,MTR-003,225.88,229.14,51.7581432,1.754,0.001,79.1874,normal,0.001,1.8359999999999999,51.92698850000001,9.911480648031493,,0.03935238603431679,,1,0.0,Normal operation,False
2026-02-01 11:05:49,MTR-003,225.88,229.04,51.73555519999999,1.578,0.0009,79.1882,normal,0.0009,1.8045,51.8044486,9.888892648031486,,0.03935238603431679,,1,0.0,Normal operation,False
2026-02-01 11:05:51,MTR-003,225.88,233.45,52.731685999999996,1.855,0.001,79.1893,normal,0.001,1.794,52.197479799999996,10.88502344803149,,0.0398277771982688,,1,0.0,Normal operation,False
2026-02-01 11:05:53,MTR-003,225.88,232.34,52.4809592,1.834,0.001,79.1903,normal,0.001,1.7625000000000002,52.17658589999999,10.634296648031494,,0.0398277771982688,,1,0.0,Normal operation,False
2026-02-01 11:05:55,MTR-003,225.88,230.57,52.0811516,1.691,0.0009,79.1912,normal,0.0009,1.8445,52.25733799999999,10.234489048031492,,0.03935238603431679,,1,0.0,Normal operation,False
2026-02-01 11:05:57,MTR-003,225.88,229.34,51.8033192,1.878,0.001,79.1923,normal,0.001,1.822,52.274279,9.95665664803149,,0.03935238603431679,,1,0.0,Normal operation,False
2026-02-01 11:05:59,MTR-003,225.88,234.34,52.9327192,1.81,0.001,79.1933,normal,0.001,1.8439999999999999,52.3245373,11.086056648031494,,0.0398277771982688,,1,0.0,Normal operation,False
2026-02-01 11:06:01,MTR-003,225.88,228.37,51.5842156,1.878,0.001,79.1943,normal,0.001,1.846,52.100351399999994,9.737553048031494,,0.03935238603431679,,1,0.0,Normal operation,False
2026-02-01 11:06:03,MTR-003,225.88,230.93,52.162468399999995,1.814,0.001,79.1953,normal,0.001,1.846,52.12068059999999,10.315805848031488,,0.03935238603431679,,1,0.0,Normal operation,False
2026-02-01 11:06:05,MTR-003,225.88,231.4,52.268632,2.194,0.0012,79.1965,normal,0.0012,1.9625,52.2370088,10.42196944803149,,0.0398277771982688,,1,0.0,Normal operation,False
2026-02-01 11:06:07,MTR-003,225.88,223.52,50.4886976,2.047,0.0011,79.1977,normal,0.0011,2.0250000000000004,51.6260034,8.642035048031495,,0.040777357686495486,,1,0.0,Normal operation,False
2026-02-01 11:06:09,MTR-003,225.88,235.98,53.30316239999999,2.003,0.0011,79.1988,normal,0.0011,2.0250000000000004,52.055740099999994,11.456499848031484,,0.04125154768606054,,1,0.0,Normal operation,False
2026-02-01 11:06:11,MTR-003,225.88,229.45,51.828165999999996,1.935,0.0011,79.1999,normal,0.0011,2.0155000000000003,51.9721645,9.98150344803149,,0.03935238603431679,,1,0.0,Normal operation,False
2026-02-01 11:06:13,MTR-003,225.88,234.07,52.8717316,2.028,0.0011,79.201,normal,0.0011,2.0155000000000003,52.1229394,11.02506904803149,,0.0398277771982688,,1,0.0,Normal operation,False
2026-02-01 11:06:15,MTR-003,225.88,232.27,52.4651476,2.1,0.0012,79.2022,normal,0.0012,1.986,52.6170519,10.618485048031495,,0.0398277771982688,,1,0.0,Normal operation,False
2026-02-01 11:06:17,MTR-003,225.88,225.46,50.9269048,1.944,0.0011,79.2032,normal,0.0011,2.0229999999999997,52.0229875,9.080242248031496,,0.03935238603431679,,1,0.0,Normal operation,False
2026-02-01 11:06:19,MTR-003,225.88,227.06,51.2883128,2.018,0.0011,79.2044,normal,0.0011,2.059,51.888024200000004,9.441650248031493,,0.040777357686495486,,1,0.0,Normal operation,False
2026-02-01 11:06:21,MTR-003,225.88,229.52,51.843977599999995,2.274,0.0013,79.2056,normal,0.0013,2.146,51.6310857,9.997315048031489,,0.040777357686495486,,1,0.0,Normal operation,False
2026-02-01 11:06:23,MTR-003,225.88,229.64,51.871083199999994,2.527,0.0014,79.207,normal,0.0014,2.4005,51.4825696,10.024420648031487,,0.043212008265950175,,1,0.0,Normal operation,False
2026-02-01 11:06:25,MTR-003,225.88,233.22,52.6797336,4.613,0.0026,79.2096,normal,0.0026,3.5700000000000003,51.92077679999999,10.833071048031492,,0.04592084478734115,,1,0.0,Normal operation,False
2026-02-01 11:06:27,MTR-003,225.88,230.43,52.0495284,8.318,0.0046,79.2142,normal,0.0046,6.4655000000000005,52.111080699999995,10.202865848031493,,0.04689065840872142,,1,0.0,Normal operation,False
2026-02-01 11:06:29,MTR-003,225.88,233.55,52.754274,24.342,0.0135,79.2277,normal,0.0135,16.33,52.3386548,10.907611448031496,,0.02964297611241884,,1,0.0,Normal operation,False
2026-02-01 11:06:31,MTR-003,225.88,230.04,51.9614352,72.378,0.0402,79.2679,normal,0.0402,19.257045314178917,52.3612428,10.11477264803149,,0.029158992538062423,,1,0.0,Normal operation,False
2026-02-01 11:06:33,MTR-003,225.88,228.59,51.633909200000005,40.399,0.0224,79.2904,normal,0.0224,19.257045314178917,52.0997867,9.787246648031498,,0.029158992538062423,,1,0.0,Normal operation,False
2026-02-01 11:06:35,MTR-003,225.88,230.44,52.0517872,23.084,0.0128,79.3032,normal,0.0128,19.257045314178917,52.1003514,10.205124648031493,,0.029158992538062423,,1,0.0,Normal operation,False
2026-02-01 11:06:37,MTR-003,225.88,227.59,51.408029199999994,7.213,0.004,79.3072,normal,0.004,15.1485,51.7637902,9.561366648031488,,0.029158992538062423,,1,0.0,Normal operation,False
2026-02-01 11:06:39,MTR-003,225.88,230.51,52.0675988,4.04,0.0022,79.3095,normal,0.0022,5.6265,51.7903311,10.220936248031492,,0.04508038961991945,,1,0.0,Normal operation,False
2026-02-01 11:06:41,MTR-003,225.88,226.57,51.1776316,4.016,0.0022,79.3117,normal,0.0022,4.0280000000000005,51.6762617,9.330969048031491,,0.04721146643034313,,1,0.0,Normal operation,False
2026-02-01 11:06:43,MTR-003,225.88,229.87,51.923035600000006,3.963,0.0022,79.3139,normal,0.0022,3.9895,51.6440738,10.076373048031499,,0.04721146643034313,,1,0.0,Normal operation,False
2026-02-01 11:06:45,MTR-003,225.88,233.09,52.6503692,3.809,0.0021,79.316,normal,0.0021,3.8970000000000002,51.954658800000004,10.803706648031493,,0.04768023286778089,,1,0.0,Normal operation,False
2026-02-01 11:06:47,MTR-003,225.88,234.11,52.8807668,3.831,0.0021,79.3181,normal,0.0021,3.8970000000000002,52.15795080000001,11.034104248031497,,0.04768023286778089,,1,0.0,Normal operation,False
2026-02-01 11:06:49,MTR-003,225.88,229.71,51.8868948,4.006,0.0022,79.3204,normal,0.0022,3.9185,52.335266600000004,10.040232248031494,,0.04721146643034313,,1,0.0,Normal operation,False
2026-02-01 11:06:51,MTR-003,225.88,227.3,51.342524000000004,4.15,0.0023,79.3227,normal,0.0023,4.078,52.1901387,9.495861448031498,,0.04721146643034313,,1,0.0,Normal operation,False
2026-02-01 11:06:53,MTR-003,225.88,222.93,50.355428399999994,4.24,0.0024,79.325,normal,0.0024,4.195,51.616403500000004,8.508765848031487,,0.04721146643034313,,1,0.0,Normal operation,False
2026-02-01 11:06:55,MTR-003,225.88,233.24,52.6842512,4.276,0.0024,79.3274,normal,0.0024,4.258,51.567274600000005,10.837588648031492,,0.04768023286778089,,1,0.0,Normal operation,False
2026-02-01 11:06:57,MTR-003,225.88,230.56,52.0788928,4.356,0.0024,79.3298,normal,0.0024,4.258,51.61527409999999,10.232230248031492,,0.04721146643034313,,1,0.0,Normal operation,False
2026-02-01 11:06:59,MTR-003,225.88,230.93,52.162468399999995,4.105,0.0023,79.3321,normal,0.0023,4.1905,51.82026019999999,10.315805848031488,,0.04721146643034313,,1,0.0,Normal operation,False
2026-02-01 11:07:01,MTR-003,225.88,225.48,50.931422399999995,4.01,0.0022,79.3343,normal,0.0022,4.0575,51.964258699999995,9.084759848031489,,0.04721146643034313,,1,0.0,Normal operation,False
2026-02-01 11:07:03,MTR-003,225.88,226.58,51.179890400000005,3.927,0.0022,79.3365,normal,0.0022,3.9684999999999997,51.588168499999995,9.333227848031498,,0.04721146643034313,,1,0.0,Normal operation,False
2026-02-01 11:07:05,MTR-003,225.88,225.14,50.85462319999999,3.734,0.0021,79.3386,normal,0.0021,3.8975,51.28210109999999,9.007960648031485,,0.04721146643034313,,1,0.0,Normal operation,False
2026-02-01 11:07:07,MTR-003,225.88,225.5,50.93594,3.868,0.0021,79.3407,normal,0.0021,3.8975,50.975469000000004,9.089277448031496,,0.04721146643034313,,1,0.0,Normal operation,False
2026-02-01 11:07:09,MTR-003,225.88,225.89,51.0240332,3.998,0.0022,79.343,normal,0.0022,3.8659999999999997,50.9986217,9.177370648031491,,0.04721146643034313,,1,0.0,Normal operation,False
2026-02-01 11:07:41,MTR-003,225.88,229.73,51.89141239999999,4.128,0.0023,79.3774,normal,0.0023,4.0385,51.811225,10.044749848031486,,0.04721146643034313,,1,0.0,Normal operation,False
2026-02-01 11:07:45,MTR-003,225.88,230.81,52.1353628,4.372,0.0024,79.3822,normal,0.0024,4.275,51.812354400000004,10.288700248031496,,0.04721146643034313,,1,0.0,Normal operation,False
2026-02-01 11:07:47,MTR-003,225.88,228.59,51.633909200000005,4.324,0.0024,79.3846,normal,0.0024,4.275,51.82929540000001,9.787246648031498,,0.04721146643034313,,1,0.0,Normal operation,False
2026-02-01 11:07:49,MTR-003,225.88,226.3,51.116644,4.101,0.0023,79.3869,normal,0.0023,4.3145,51.6356033,9.269981448031494,,0.04721146643034313,,1,0.0,Normal operation,False
2026-02-01 11:07:51,MTR-003,225.88,230.79,52.130845199999996,4.305,0.0024,79.3893,normal,0.0024,4.3045,51.754190300000005,10.28418264803149,,0.04721146643034313,,1,0.0,Normal operation,False
2026-02-01 11:07:53,MTR-003,225.88,227.4,51.365112,4.304,0.0024,79.3917,normal,0.0024,4.3045,51.56162760000001,9.518449448031497,,0.04721146643034313,,1,0.0,Normal operation,False
2026-02-01 11:07:55,MTR-003,225.88,231.07,52.1940916,4.496,0.0025,79.3942,normal,0.0025,4.3919999999999995,51.7016732,10.347429048031493,,0.04768023286778089,,1,0.0,Normal operation,False
2026-02-01 11:07:57,MTR-003,225.88,232.4,52.494512,4.479,0.0025,79.3966,normal,0.0025,4.482,52.0461402,10.647849448031494,,0.04768023286778089,,1,0.0,Normal operation,False
2026-02-01 11:07:59,MTR-003,225.88,234.52,52.9733776,4.485,0.0025,79.3991,normal,0.0025,4.490500000000001,52.2567733,11.126715048031492,,0.04768023286778089,,1,0.0,Normal operation,False
2026-02-01 11:08:01,MTR-003,225.88,231.28,52.241526400000005,4.546,0.0025,79.4017,normal,0.0025,4.482,52.4758769,10.394863848031498,,0.04768023286778089,,1,0.0,Normal operation,False
2026-02-01 11:08:03,MTR-003,225.88,229.1,51.749108,4.434,0.0025,79.4041,normal,0.0025,4.4595,52.364631,9.902445448031493,,0.04721146643034313,,1,0.0,Normal operation,False
2026-02-01 11:08:05,MTR-003,225.88,224.43,50.694248400000006,4.431,0.0025,79.4066,normal,0.0025,4.4325,51.914565100000004,8.8475858480315,,0.04721146643034313,,1,0.0,Normal operation,False
2026-02-01 11:08:07,MTR-003,225.88,227.33,51.3493004,4.291,0.0024,79.409,normal,0.0024,4.4085,51.5085458,9.50263784803149,,0.04721146643034313,,1,0.0,Normal operation,False
2026-02-01 11:08:09,MTR-003,225.88,230.42,52.0472696,4.386,0.0024,79.4114,normal,0.0024,4.3405000000000005,51.459981600000006,10.200607048031493,,0.04721146643034313,,1,0.0,Normal operation,False
2026-02-01 11:08:11,MTR-003,225.88,231.93,52.388348400000005,4.295,0.0024,79.4138,normal,0.0024,4.293,51.6197917,10.541685848031499,,0.04768023286778089,,1,0.0,Normal operation,False
2026-01-01 00:00:00,MTR-001,231.2,223.4,51.65008,12.4,12.4,0.96,normal,12.4,10.771263062006671,51.65008,4.1443263711811085,,0.06249378726905552,,1,0.0,Normal operation,False
2026-02-01 11:08:13,MTR-003,225.88,229.63,51.8688244,4.142,0.0023,79.4161,normal,0.0023,4.295,51.913435699999994,10.022161848031494,,0.04721146643034313,,1,0.0,Normal operation,False
2026-01-31 19:59:09,MTR-001,236.1,194.502,45.9219222,0.0251,117.6248,0.982,normal,117.6248,0.025,46.72782846,-1.5838314288188968,,0.11874683805172703,,1,0.0,Normal operation,False
2026-01-31 19:59:11,MTR-001,234.7,192.118,45.09009459999999,0.025,117.6499,1.0,normal,117.6499,0.025,45.69697028499999,-2.415659028818901,,0.1374122196421641,,1,0.0,Normal operation,False
2026-01-31 19:59:13,MTR-001,232.78,200.601,46.69590078,0.025,117.6749,0.964,normal,117.6749,0.025050000000000003,46.13500021,-0.8098528488188919,,0.15558999731288886,,1,0.0,Normal operation,False
2026-01-31 19:59:15,MTR-001,230.77,208.931,48.21500687,0.0251,117.7,0.938,normal,117.7,0.025050000000000003,46.4807311125,0.7092532411811092,,0.16746761958347572,,1,0.0,Normal operation,False
2026-01-31 19:59:17,MTR-001,225.47,208.409,46.989977229999994,0.0252,117.7252,0.965,normal,117.7252,0.02515,46.74774487,-0.5157763988189004,,0.1365998690786836,,1,0.0,Normal operation,False
2026-01-31 19:59:19,MTR-001,225.98,201.597,45.55689006,0.0253,117.7505,1.0,normal,117.7505,0.02525,46.864443735,-1.9488635688188936,,0.14644359334195595,,1,0.0,Normal operation,False
2026-01-31 19:59:21,MTR-001,226.56,206.561,46.798460160000005,0.0253,117.7758,0.971,normal,117.7758,0.02525,46.890083579999995,-0.7072934688188894,,0.1495483047386037,,1,0.0,Normal operation,False
2026-01-31 19:59:23,MTR-001,228.17,213.382,48.68737094,0.0252,117.8009,0.931,normal,117.8009,0.02525,47.0081745975,1.1816173111811068,,0.1605772365699214,,1,0.0,Normal operation,False
2026-01-31 19:59:25,MTR-001,223.11,96.831,21.60396441,0.0116,117.8125,0.963,normal,117.8125,0.0184,40.661671392500004,-25.901789218818895,,0.06655815268805165,,1,0.0,Normal operation,False
2026-01-31 19:59:03,MTR-001,229.53,214.41,49.2135273,0.0249,117.5498,0.911,normal,117.5498,0.02495,47.7928378875,1.7077736711811085,,0.1635345637604258,,1,0.0,Normal operation,False
2026-01-31 19:59:05,MTR-001,232.21,193.548,44.94378108,0.025,117.5748,1.0,normal,117.5748,0.02495,47.0123431575,-2.5619725488188934,,0.15091192265034847,,1,0.0,Normal operation,False
2026-02-01 11:07:11,MTR-003,225.88,229.19,51.7694372,3.864,0.0021,79.3451,normal,0.0021,3.8659999999999997,51.1460084,9.922774648031492,,0.04721146643034313,,1,0.0,Normal operation,False
2026-02-01 11:07:43,MTR-003,225.88,228.69,51.6564972,4.226,0.0023,79.3798,normal,0.0023,4.177,51.8631774,9.80983464803149,,0.04721146643034313,,1,0.0,Normal operation,False
2026-01-01 00:15:00,MTR-001,229.8,213.9,49.15422,11.8,24.2,0.958,normal,24.2,10.771263062006671,50.402150000000006,1.648466371181108,,0.09501643270543636,,1,0.0,Normal operation,False
2026-01-01 00:30:00,MTR-001,230.5,211.7,48.79685,11.6,35.8,0.965,normal,35.8,10.771263062006671,49.867050000000006,1.291096371181105,,0.11030577072113562,,1,0.0,Normal operation,False
